observed_at,oui_count,source_url,source_archive_url
2016-07-29T07:23:46.000Z,22347,https://standards-oui.ieee.org/oui/oui.csv,https://web.archive.org/web/20160729072346id_/https://standards-oui.ieee.org/oui/oui.csv
2017-09-08T02:05:22.000Z,23872,https://standards-oui.ieee.org/oui/oui.csv,https://web.archive.org/web/20170908020522id_/https://standards-oui.ieee.org/oui/oui.csv
2018-12-21T09:05:36.000Z,25776,https://standards-oui.ieee.org/oui/oui.csv,https://web.archive.org/web/20181221090536id_/https://standards-oui.ieee.org/oui/oui.csv
2019-07-04T10:16:16.000Z,26557,https://standards-oui.ieee.org/oui/oui.csv,https://web.archive.org/web/20190704101616id_/https://standards-oui.ieee.org/oui/oui.csv
2019-08-04T01:28:25.000Z,26675,https://standards-oui.ieee.org/oui/oui.csv,https://web.archive.org/web/20190804012825id_/https://standards-oui.ieee.org/oui/oui.csv
2020-03-21T18:23:48.000Z,27700,https://standards-oui.ieee.org/oui/oui.csv,https://web.archive.org/web/20200321182348id_/https://standards-oui.ieee.org/oui/oui.csv
2020-04-23T13:58:20.000Z,27867,https://standards-oui.ieee.org/oui/oui.csv,https://web.archive.org/web/20200423135820id_/https://standards-oui.ieee.org/oui/oui.csv
2020-05-13T21:25:05.000Z,27950,https://standards-oui.ieee.org/oui/oui.csv,https://web.archive.org/web/20200513212505id_/https://standards-oui.ieee.org/oui/oui.csv
2020-08-05T03:20:28.000Z,28320,https://standards-oui.ieee.org/oui/oui.csv,https://web.archive.org/web/20200805032028id_/https://standards-oui.ieee.org/oui/oui.csv
2020-11-28T14:05:02.000Z,29002,https://standards-oui.ieee.org/oui/oui.csv,https://web.archive.org/web/20201128140502id_/https://standards-oui.ieee.org/oui/oui.csv
2021-02-25T00:24:09.000Z,29534,https://standards-oui.ieee.org/oui/oui.csv,https://web.archive.org/web/20210225002409id_/https://standards-oui.ieee.org/oui/oui.csv
2021-06-10T04:55:27.000Z,30093,https://standards-oui.ieee.org/oui/oui.csv,https://web.archive.org/web/20210610045527id_/https://standards-oui.ieee.org/oui/oui.csv
2022-07-11T21:58:20.000Z,32290,https://standards-oui.ieee.org/oui/oui.csv,https://web.archive.org/web/20220711215820id_/https://standards-oui.ieee.org/oui/oui.csv
2022-09-05T16:29:31.000Z,32551,https://standards-oui.ieee.org/oui/oui.csv,https://web.archive.org/web/20220905162931id_/https://standards-oui.ieee.org/oui/oui.csv
2023-07-11T15:51:12.000Z,34040,https://standards-oui.ieee.org/oui/oui.csv,https://web.archive.org/web/20230711155112id_/https://standards-oui.ieee.org/oui/oui.csv
2024-02-15T03:22:47.000Z,35093,https://standards-oui.ieee.org/oui/oui.csv,https://web.archive.org/web/20240215032247id_/https://standards-oui.ieee.org/oui/oui.csv
2024-04-16T12:10:47.000Z,35353,https://standards-oui.ieee.org/oui/oui.csv,https://web.archive.org/web/20240416121047id_/https://standards-oui.ieee.org/oui/oui.csv
2024-06-23T18:08:31.000Z,35688,https://standards-oui.ieee.org/oui/oui.csv,https://web.archive.org/web/20240623180831id_/https://standards-oui.ieee.org/oui/oui.csv
2024-07-02T18:51:01.000Z,35726,https://standards-oui.ieee.org/oui/oui.csv,https://web.archive.org/web/20240702185101id_/https://standards-oui.ieee.org/oui/oui.csv
2024-08-15T03:03:43.000Z,35971,https://standards-oui.ieee.org/oui/oui.csv,https://web.archive.org/web/20240815030343id_/https://standards-oui.ieee.org/oui/oui.csv
2024-08-27T23:39:49.000Z,36043,https://standards-oui.ieee.org/oui/oui.csv,https://web.archive.org/web/20240827233949id_/https://standards-oui.ieee.org/oui/oui.csv
2024-09-17T16:39:59.000Z,36138,https://standards-oui.ieee.org/oui/oui.csv,https://web.archive.org/web/20240917163959id_/https://standards-oui.ieee.org/oui/oui.csv
2024-11-20T10:58:46.000Z,36455,https://standards-oui.ieee.org/oui/oui.csv,https://web.archive.org/web/20241120105846id_/https://standards-oui.ieee.org/oui/oui.csv
2025-02-27T19:27:21.000Z,36978,https://standards-oui.ieee.org/oui/oui.csv,https://web.archive.org/web/20250227192721id_/https://standards-oui.ieee.org/oui/oui.csv
2025-05-13T01:54:16.000Z,37348,https://standards-oui.ieee.org/oui/oui.csv,https://web.archive.org/web/20250513015416id_/https://standards-oui.ieee.org/oui/oui.csv
2025-08-23T07:49:07.000Z,37928,https://standards-oui.ieee.org/oui/oui.csv,https://web.archive.org/web/20250823074907id_/https://standards-oui.ieee.org/oui/oui.csv
2026-01-08T00:08:43.000Z,38685,https://standards-oui.ieee.org/oui/oui.csv,https://web.archive.org/web/20260108000843id_/https://standards-oui.ieee.org/oui/oui.csv
2026-01-19T03:20:17.000Z,38741,https://standards-oui.ieee.org/oui/oui.csv,https://web.archive.org/web/20260119032017id_/https://standards-oui.ieee.org/oui/oui.csv
2026-02-17T17:27:35.000Z,38903,https://standards-oui.ieee.org/oui/oui.csv,https://web.archive.org/web/20260217172735id_/https://standards-oui.ieee.org/oui/oui.csv
2026-06-20T10:17:08.000Z,39575,https://standards-oui.ieee.org/oui/oui.csv,https://web.archive.org/web/20260620101708id_/https://standards-oui.ieee.org/oui/oui.csv
2026-07-17T04:00:50.000Z,39752,https://standards-oui.ieee.org/oui/oui.csv,
2026-07-19T04:00:20.000Z,39765,https://standards-oui.ieee.org/oui/oui.csv,
2026-07-20T04:00:20.000Z,39765,https://standards-oui.ieee.org/oui/oui.csv,
2026-07-21T04:00:56.000Z,39775,https://standards-oui.ieee.org/oui/oui.csv,
2026-07-22T04:00:22.000Z,39780,https://standards-oui.ieee.org/oui/oui.csv,
2026-07-23T04:00:48.000Z,39785,https://standards-oui.ieee.org/oui/oui.csv,
2026-07-24T04:00:21.000Z,39807,https://standards-oui.ieee.org/oui/oui.csv,
2026-07-25T04:00:22.000Z,39812,https://standards-oui.ieee.org/oui/oui.csv,
2026-07-26T04:00:21.000Z,39812,https://standards-oui.ieee.org/oui/oui.csv,
2026-07-27T04:37:16.000Z,39812,https://standards-oui.ieee.org/oui/oui.csv,
2026-07-28T04:00:28.000Z,39829,https://standards-oui.ieee.org/oui/oui.csv,https://web.archive.org/web/20260728040021/https://standards-oui.ieee.org/oui/oui.csv
2026-07-29T04:00:50.000Z,39837,https://standards-oui.ieee.org/oui/oui.csv,
2026-07-30T04:01:11.000Z,39859,https://standards-oui.ieee.org/oui/oui.csv,
2026-07-31T04:00:36.000Z,39877,https://standards-oui.ieee.org/oui/oui.csv,https://web.archive.org/web/20260731040027/https://standards-oui.ieee.org/oui/oui.csv
2026-08-01T04:00:43.000Z,39885,https://standards-oui.ieee.org/oui/oui.csv,
2026-08-02T04:00:29.000Z,39885,https://standards-oui.ieee.org/oui/oui.csv,
2026-08-03T04:00:40.000Z,39885,https://standards-oui.ieee.org/oui/oui.csv,
2026-08-04T04:00:36.000Z,39896,https://standards-oui.ieee.org/oui/oui.csv,https://web.archive.org/web/20260804040030/https://standards-oui.ieee.org/oui/oui.csv
2026-08-05T04:00:47.000Z,39898,https://standards-oui.ieee.org/oui/oui.csv,https://web.archive.org/web/20260805040033/https://standards-oui.ieee.org/oui/oui.csv
2026-08-06T04:00:50.000Z,39902,https://standards-oui.ieee.org/oui/oui.csv,
2026-08-07T04:00:28.000Z,39905,https://standards-oui.ieee.org/oui/oui.csv,https://web.archive.org/web/20260807040021/https://standards-oui.ieee.org/oui/oui.csv
2026-08-08T04:00:31.000Z,39912,https://standards-oui.ieee.org/oui/oui.csv,
2026-08-09T04:00:39.000Z,39912,https://standards-oui.ieee.org/oui/oui.csv,
2026-08-10T04:00:28.000Z,39912,https://standards-oui.ieee.org/oui/oui.csv,
2026-08-11T04:00:21.000Z,39916,https://standards-oui.ieee.org/oui/oui.csv,
2026-08-12T04:00:23.000Z,39922,https://standards-oui.ieee.org/oui/oui.csv,
2026-08-13T04:00:26.000Z,39927,https://standards-oui.ieee.org/oui/oui.csv,
2026-08-14T04:00:20.000Z,39934,https://standards-oui.ieee.org/oui/oui.csv,
2026-08-15T04:00:26.000Z,39944,https://standards-oui.ieee.org/oui/oui.csv,
2026-08-16T04:00:24.000Z,39944,https://standards-oui.ieee.org/oui/oui.csv,
2026-08-17T04:00:21.000Z,39944,https://standards-oui.ieee.org/oui/oui.csv,
2026-08-18T04:00:25.000Z,39951,https://standards-oui.ieee.org/oui/oui.csv,
2026-08-19T04:00:19.000Z,39957,https://standards-oui.ieee.org/oui/oui.csv,
2026-08-20T04:00:24.000Z,39969,https://standards-oui.ieee.org/oui/oui.csv,
2026-08-21T04:00:20.000Z,39982,https://standards-oui.ieee.org/oui/oui.csv,
2026-08-22T04:00:26.000Z,39987,https://standards-oui.ieee.org/oui/oui.csv,
2026-08-23T04:00:22.000Z,39987,https://standards-oui.ieee.org/oui/oui.csv,
2026-08-24T04:00:23.000Z,39987,https://standards-oui.ieee.org/oui/oui.csv,
2026-08-25T04:00:29.000Z,40010,https://standards-oui.ieee.org/oui/oui.csv,
2026-08-26T04:00:21.000Z,40013,https://standards-oui.ieee.org/oui/oui.csv,
2026-08-27T04:00:21.000Z,40013,https://standards-oui.ieee.org/oui/oui.csv,
